{
  "B-LGBM": {
    "annualized_return": {
      "point": 0.17726129086091252,
      "lower": -0.0645332203727923,
      "upper": 0.4432782072994098
    },
    "sharpe_ratio": {
      "point": 0.7107694834875372,
      "lower": -0.4251996352032279,
      "upper": 2.245063569367075
    },
    "max_drawdown": {
      "point": 0.16369581689019075,
      "lower": 0.07225234927115953,
      "upper": 0.2921525815088102
    }
  },
  "B-XGB": {
    "annualized_return": {
      "point": 0.14917576783592323,
      "lower": -0.0742493384520664,
      "upper": 0.4046214491781323
    },
    "sharpe_ratio": {
      "point": 0.6101397640013944,
      "lower": -0.546454989485822,
      "upper": 2.038521261587338
    },
    "max_drawdown": {
      "point": 0.12185907535874951,
      "lower": 0.06427892241806295,
      "upper": 0.2718761224386742
    }
  },
  "E1a-LGBM": {
    "annualized_return": {
      "point": 0.13766682617319234,
      "lower": -0.08078753800613492,
      "upper": 0.37920947372135777
    },
    "sharpe_ratio": {
      "point": 0.5758462595637606,
      "lower": -0.581412325475507,
      "upper": 2.0739993539359953
    },
    "max_drawdown": {
      "point": 0.15932716824709514,
      "lower": 0.0651014510154777,
      "upper": 0.27096849683911817
    }
  },
  "E1b-LGBM": {
    "annualized_return": {
      "point": 0.15344257837782052,
      "lower": -0.09161313205778447,
      "upper": 0.4307083100995151
    },
    "sharpe_ratio": {
      "point": 0.5661408721693649,
      "lower": -0.5474469086548348,
      "upper": 2.1599811805472084
    },
    "max_drawdown": {
      "point": 0.13078882526896207,
      "lower": 0.0794346941365928,
      "upper": 0.31891301785882414
    }
  },
  "E2a-AVG": {
    "annualized_return": {
      "point": 0.17402906042852534,
      "lower": -0.06009719652160463,
      "upper": 0.4286388736698624
    },
    "sharpe_ratio": {
      "point": 0.727285548631275,
      "lower": -0.3751002241511037,
      "upper": 2.2586236732337817
    },
    "max_drawdown": {
      "point": 0.1530390564158417,
      "lower": 0.06597984324878985,
      "upper": 0.2778865034655917
    }
  },
  "E2b-RRF": {
    "annualized_return": {
      "point": 0.08934105325774747,
      "lower": -0.11931168589014884,
      "upper": 0.32518041045294305
    },
    "sharpe_ratio": {
      "point": 0.28661771881690973,
      "lower": -0.9415427350664558,
      "upper": 1.7287054321808395
    },
    "max_drawdown": {
      "point": 0.14610685269489732,
      "lower": 0.06850886480886119,
      "upper": 0.305231404027174
    }
  }
}