{
  "B-LGBM": {
    "5": {
      "annualized_return": 0.2732167128512075,
      "sharpe_ratio": 0.8964526557557634,
      "max_drawdown": 0.2523269959598132,
      "turnover_rate": 1.3221420436896056
    },
    "10": {
      "annualized_return": 0.22229553018032755,
      "sharpe_ratio": 0.8784186920680466,
      "max_drawdown": 0.1859674369052864,
      "turnover_rate": 1.1628026754511562
    },
    "20": {
      "annualized_return": 0.1654700060946972,
      "sharpe_ratio": 0.7107694834875372,
      "max_drawdown": 0.16369581689019108,
      "turnover_rate": 1.0295217273112716
    },
    "30": {
      "annualized_return": 0.15824914284801594,
      "sharpe_ratio": 0.6901756553778087,
      "max_drawdown": 0.12876578620816603,
      "turnover_rate": 0.9554727001572856
    },
    "50": {
      "annualized_return": 0.12813948205053327,
      "sharpe_ratio": 0.5318732125547955,
      "max_drawdown": 0.14545909594312112,
      "turnover_rate": 0.8752446483472329
    }
  },
  "B-XGB": {
    "5": {
      "annualized_return": 0.09013648827994603,
      "sharpe_ratio": 0.33538644064924505,
      "max_drawdown": 0.15998664749083213,
      "turnover_rate": 0.8591694838557271
    },
    "10": {
      "annualized_return": 0.10708705925160311,
      "sharpe_ratio": 0.45372717781013977,
      "max_drawdown": 0.12885138078970992,
      "turnover_rate": 0.7272740863644691
    },
    "20": {
      "annualized_return": 0.13699399026042136,
      "sharpe_ratio": 0.6101397640013944,
      "max_drawdown": 0.12185907535874974,
      "turnover_rate": 0.6802150667807184
    },
    "30": {
      "annualized_return": 0.1295266381489233,
      "sharpe_ratio": 0.5902305595129391,
      "max_drawdown": 0.12857142814200284,
      "turnover_rate": 0.6408558221249812
    },
    "50": {
      "annualized_return": 0.08886332283937648,
      "sharpe_ratio": 0.354532372609246,
      "max_drawdown": 0.14800339295001863,
      "turnover_rate": 0.5734034264684926
    }
  },
  "E1a-LGBM": {
    "5": {
      "annualized_return": 0.1350981517940899,
      "sharpe_ratio": 0.5341550179103317,
      "max_drawdown": 0.1328198233069643,
      "turnover_rate": 0.9407705726817874
    },
    "10": {
      "annualized_return": 0.1343646604102533,
      "sharpe_ratio": 0.5682898830483349,
      "max_drawdown": 0.17112223918611125,
      "turnover_rate": 0.8705082907712248
    },
    "20": {
      "annualized_return": 0.12599545183099292,
      "sharpe_ratio": 0.5758462595637606,
      "max_drawdown": 0.15932716824709514,
      "turnover_rate": 0.7872263079012809
    },
    "30": {
      "annualized_return": 0.12663276519758226,
      "sharpe_ratio": 0.5790523019018262,
      "max_drawdown": 0.1560105820510026,
      "turnover_rate": 0.7507507633822645
    },
    "50": {
      "annualized_return": 0.09334758198970139,
      "sharpe_ratio": 0.3849528043734032,
      "max_drawdown": 0.13578910994269944,
      "turnover_rate": 0.7073115487305826
    }
  },
  "E1b-LGBM": {
    "5": {
      "annualized_return": 0.06926120487690768,
      "sharpe_ratio": 0.1954299833568352,
      "max_drawdown": 0.29987246290294167,
      "turnover_rate": 1.5338958403381835
    },
    "10": {
      "annualized_return": 0.18909979952205602,
      "sharpe_ratio": 0.7432678020290778,
      "max_drawdown": 0.1762276952035341,
      "turnover_rate": 1.4072605075721432
    },
    "20": {
      "annualized_return": 0.1387474059549343,
      "sharpe_ratio": 0.5661408721693649,
      "max_drawdown": 0.1307888252689623,
      "turnover_rate": 1.2564542388402453
    },
    "30": {
      "annualized_return": 0.09729801893982848,
      "sharpe_ratio": 0.37383557529524675,
      "max_drawdown": 0.15371296411591862,
      "turnover_rate": 1.2040145043880837
    },
    "50": {
      "annualized_return": 0.03803755745631521,
      "sharpe_ratio": 0.046015974201371525,
      "max_drawdown": 0.2068808242133161,
      "turnover_rate": 1.1095822748785118
    }
  }
}