{
  "generated_at": "2026-05-19T14:04:22.256014",
  "models": {
    "B-LGBM": {
      "ndcg@10": 0.1628918105406865,
      "annualized_return": 0.1654700060946972,
      "sharpe_ratio": 0.7107694834875372,
      "max_drawdown": 0.16369581689019108,
      "turnover_rate": 1.0295217273112716,
      "win_rate": 0.48484848484848486
    },
    "E1a-LGBM": {
      "ndcg@10": 0.20707426680763694,
      "annualized_return": 0.12599545183099292,
      "sharpe_ratio": 0.5758462595637606,
      "max_drawdown": 0.15932716824709514,
      "turnover_rate": 0.7872263079012809,
      "win_rate": 0.48484848484848486
    },
    "E1b-LGBM": {
      "ndcg@10": 0.15528341718660174,
      "annualized_return": 0.11508339979470894,
      "sharpe_ratio": 0.5192195264515755,
      "max_drawdown": 0.1126618871992483,
      "turnover_rate": 0.9436052279773509,
      "win_rate": 0.5252525252525253
    },
    "E1c-LGBM": {
      "ndcg@10": 0.15515660508682425,
      "annualized_return": 0.07276602083948669,
      "sharpe_ratio": 0.2771880647832196,
      "max_drawdown": 0.15848828016797067,
      "turnover_rate": 0.7714532085949011,
      "win_rate": 0.46464646464646464
    }
  }
}