{
  "mom_1m": 35.18113994598389,
  "mom_12m": 180.85416793823242,
  "mom_accel_1m": 72.44069004058838,
  "mom_reversal": 206.96139883995056,
  "mom_short_long": 107.04564189910889,
  "mom_1w": 1753.3010940551758,
  "volatility_4w": 48.75985026359558,
  "volatility_8w": 56.972909688949585,
  "volatility_12w": 120.47262239456177,
  "volatility_24w": 144.46028089523315,
  "downside_vol_8w": 43.03942084312439,
  "vol_ratio_4_12": 43.31755995750427,
  "vol_change_4w": 52.2538800239563,
  "realized_var_8w": 527.1799695491791,
  "avg_volume_4w": 67.68985939025879,
  "avg_volume_8w": 20.72703981399536,
  "avg_volume_12w": 20.01665997505188,
  "volume_change_1w": 72.20564031600952,
  "avg_amount_4w": 122.17538976669312,
  "kdj_j": 111.98397922515869,
  "boll_width": 307.6460008621216,
  "ma_ratio_4w": 894.3529810905457,
  "ma_ratio_8w": 90.41110968589783,
  "ma_slope_24w": 63.402390241622925,
  "max_retreat_4w": 20.200289726257324,
  "max_retreat_8w": 83.26282978057861,
  "skewness_8w": 61.91328048706055,
  "kurtosis_12w": 41.47356963157654,
  "ret_quantile_25_8w": 80.58565855026245,
  "obv_change_4w": 65.05519008636475,
  "vol_price_corr_8w": 113.05194973945618,
  "up_ratio_4w": 104.24950003623962,
  "up_ratio_12w": 79.08273983001709,
  "vol_up_down_ratio": 70.33526968955994
}