{
  "lightgbm": {
    "ndcg@5": 0.3454151637395221,
    "ndcg@10": 0.3233121892125726,
    "ndcg@20": 0.3228627223277606,
    "map": 0.3056087723533061
  },
  "xgboost": {
    "ndcg@5": 0.37816043710992636,
    "ndcg@10": 0.36210258853025756,
    "ndcg@20": 0.35774413516432946,
    "map": 0.3310518405529901
  },
  "settings": {
    "test_rows": 225562,
    "num_queries": 100
  }
}