{
  "mom_1m": 137.24949860572815,
  "mom_12m": 117.15843105316162,
  "mom_accel_1m": 34.255619049072266,
  "mom_reversal": 197.74528074264526,
  "mom_short_long": 277.9542713165283,
  "mom_1w": 81.53823900222778,
  "volatility_4w": 86.19181847572327,
  "volatility_8w": 206.66003847122192,
  "volatility_12w": 1301.5271048545837,
  "volatility_24w": 168.21196961402893,
  "downside_vol_8w": 44.20943021774292,
  "vol_ratio_4_12": 126.11945009231567,
  "vol_change_4w": 96.09586143493652,
  "realized_var_8w": 297.8480398654938,
  "avg_volume_4w": 14.657959938049316,
  "avg_volume_8w": 8.689560174942017,
  "avg_volume_12w": 46.07868981361389,
  "volume_change_1w": 92.7498197555542,
  "avg_amount_4w": 131.65381050109863,
  "kdj_j": 3103.850177526474,
  "boll_width": 58.85392093658447,
  "ma_ratio_4w": 144.3117401599884,
  "ma_ratio_8w": 658.7190854549408,
  "ma_slope_24w": 47.35330080986023,
  "max_retreat_4w": 92.67420077323914,
  "max_retreat_8w": 101.92249083518982,
  "skewness_8w": 69.24301981925964,
  "kurtosis_12w": 96.1151704788208,
  "ret_quantile_25_8w": 276.728878736496,
  "obv_change_4w": 44.510640382766724,
  "vol_price_corr_8w": 55.27000045776367,
  "up_ratio_4w": 228.88352942466736,
  "up_ratio_12w": 91.39206027984619,
  "vol_up_down_ratio": 67.3415994644165
}