{
  "mom_1m": 88.13526010513306,
  "mom_12m": 183.99937105178833,
  "mom_accel_1m": 59.27955102920532,
  "mom_reversal": 297.82374119758606,
  "mom_short_long": 471.75432801246643,
  "mom_1w": 127.04234886169434,
  "volatility_4w": 183.04157829284668,
  "volatility_8w": 261.4511399269104,
  "volatility_12w": 1820.2200939655304,
  "volatility_24w": 197.32646989822388,
  "downside_vol_8w": 84.73134088516235,
  "vol_ratio_4_12": 161.3518705368042,
  "vol_change_4w": 62.618709564208984,
  "realized_var_8w": 278.412002325058,
  "avg_volume_4w": 47.66738963127136,
  "avg_volume_8w": 49.87795925140381,
  "avg_volume_12w": 50.20448923110962,
  "volume_change_1w": 87.81428909301758,
  "avg_amount_4w": 159.95248985290527,
  "kdj_j": 5301.629287242889,
  "boll_width": 168.7186779975891,
  "ma_ratio_4w": 497.7506856918335,
  "ma_ratio_8w": 984.38196849823,
  "ma_slope_24w": 101.51789999008179,
  "max_retreat_4w": 85.99586987495422,
  "max_retreat_8w": 38.75524973869324,
  "skewness_8w": 82.85893964767456,
  "kurtosis_12w": 50.58660054206848,
  "ret_quantile_25_8w": 1322.535108089447,
  "obv_change_4w": 30.512019634246826,
  "vol_price_corr_8w": 57.100409507751465,
  "up_ratio_4w": 204.76843881607056,
  "up_ratio_12w": 136.40471029281616,
  "vol_up_down_ratio": 86.67292928695679
}