{
  "mom_1m": 74.6669807434082,
  "mom_12m": 125.61591923236847,
  "mom_accel_1m": 42.71994996070862,
  "mom_reversal": 57.16579985618591,
  "mom_short_long": 160.72759985923767,
  "mom_1w": 83.57135021686554,
  "volatility_4w": 45.31000018119812,
  "volatility_8w": 85.54591131210327,
  "volatility_12w": 115.7554202079773,
  "volatility_24w": 81.84336042404175,
  "downside_vol_8w": 107.3524706363678,
  "vol_ratio_4_12": 69.51208961009979,
  "vol_change_4w": 46.15360963344574,
  "realized_var_8w": 468.1098680496216,
  "avg_volume_4w": 36.31635046005249,
  "avg_volume_8w": 18.022019863128662,
  "avg_volume_12w": 57.08342969417572,
  "volume_change_1w": 73.15887975692749,
  "avg_amount_4w": 129.17935943603516,
  "kdj_j": 193.84649848937988,
  "boll_width": 700.7835876941681,
  "ma_ratio_4w": 157.81434059143066,
  "ma_ratio_8w": 390.1578907966614,
  "ma_slope_24w": 68.46047985553741,
  "max_retreat_4w": 61.96215009689331,
  "max_retreat_8w": 73.00583004951477,
  "skewness_8w": 56.54428958892822,
  "kurtosis_12w": 68.67609977722168,
  "ret_quantile_25_8w": 26.156929969787598,
  "obv_change_4w": 41.63486981391907,
  "vol_price_corr_8w": 93.34938979148865,
  "up_ratio_4w": 69.47221946716309,
  "up_ratio_12w": 54.65364933013916,
  "vol_up_down_ratio": 79.50180065631866
}