{
  "mom_1m": 5.050293445587158,
  "mom_12m": 1.9445701837539673,
  "mom_accel_1m": 4.177103519439697,
  "mom_reversal": 3.85616397857666,
  "mom_short_long": 2.362579345703125,
  "mom_1w": 5.715707778930664,
  "volatility_4w": 11.062251091003418,
  "volatility_8w": 67.82908630371094,
  "volatility_12w": 20.605030059814453,
  "volatility_24w": 3.620972156524658,
  "downside_vol_8w": 1.89679753780365,
  "vol_ratio_4_12": 3.6344172954559326,
  "vol_change_4w": 3.9282729625701904,
  "realized_var_8w": 55.20253372192383,
  "avg_volume_4w": 2.459721565246582,
  "avg_volume_8w": 2.493950605392456,
  "avg_volume_12w": 2.896848201751709,
  "volume_change_1w": 2.37039852142334,
  "avg_amount_4w": 4.220030307769775,
  "kdj_j": 2.2481462955474854,
  "boll_width": 4.3030900955200195,
  "ma_ratio_4w": 7.564996242523193,
  "ma_ratio_8w": 5.198681831359863,
  "ma_slope_24w": 3.587414264678955,
  "max_retreat_4w": 4.360328197479248,
  "max_retreat_8w": 0.9836219549179077,
  "skewness_8w": 2.4717729091644287,
  "kurtosis_12w": 2.829071044921875,
  "ret_quantile_25_8w": 1.6644542217254639,
  "obv_change_4w": 2.603977918624878,
  "vol_price_corr_8w": 3.1812210083007812,
  "up_ratio_4w": 3.3439884185791016,
  "up_ratio_12w": 2.836374282836914,
  "vol_up_down_ratio": 3.7638087272644043
}