{
  "avg_volume_4w": 724.5296630859375,
  "avg_volume_8w": 139.27566528320312,
  "macd_signal": 2.9491348266601562,
  "macd_diff": 11.55986213684082,
  "max_retreat_4w": 18.347896575927734,
  "macd_level": 4.127230644226074,
  "volatility_12w": 4.843692302703857,
  "volatility_4w": 101.10205841064453,
  "max_retreat_8w": 3.6745853424072266,
  "ma_ratio_4w": 15.940790176391602,
  "rsi_21": 21.87742805480957,
  "mom_6m": 2.9350955486297607,
  "mom_1m": 8.620577812194824,
  "mom_3m": 70.91942596435547,
  "mom_2m": 160.42881774902344
}