{
  "n_models": 2,
  "n_samples": 232150,
  "n_groups": 103,
  "coefficients": [
    -0.0011628436648433156,
    -0.007507795174735261
  ],
  "intercept": -0.00031590443540992306
}