{
  "avg_volume_4w": 8208.489714860916,
  "avg_volume_8w": 1989.479676246643,
  "macd_signal": 51.34649038314819,
  "macd_diff": 191.6293203830719,
  "max_retreat_4w": 148.91336846351624,
  "macd_level": 102.64677858352661,
  "volatility_12w": 138.84097814559937,
  "volatility_4w": 7.2868101596832275,
  "max_retreat_8w": 98.05813002586365,
  "ma_ratio_4w": 227.28447818756104,
  "rsi_21": 268.18798089027405,
  "mom_6m": 45.76199007034302,
  "mom_1m": 80.64052128791809,
  "mom_3m": 1253.3896157741547,
  "mom_2m": 275.14840745925903
}