{
  "objective": "rank:ndcg",
  "eval_metric": [
    "ndcg@5",
    "ndcg@20",
    "ndcg@10"
  ],
  "booster": "gbtree",
  "eta": 0.011900590783184251,
  "max_depth": 4,
  "subsample": 0.9330880728874675,
  "colsample_bytree": 0.8005575058716043,
  "seed": 42,
  "min_child_weight": 7.372653200164409
}