{
  "avg_metrics": {
    "annualized_return": -0.06455900866441641,
    "sharpe_ratio": -0.33547524713443194,
    "max_drawdown": 0.4133388559249249
  },
  "avg_nav": [
    1.0,
    0.9987009990010012,
    0.9941801421193834,
    1.0196650953204645,
    1.0490780836786626,
    1.0536597162798171,
    1.039308464053081,
    1.0495166660407398,
    1.058036102460666,
    1.0241757882195708,
    1.0176389144866989,
    1.0329789766123252,
    1.023401461109869,
    1.0305899436862875,
    1.0265896723065218,
    0.9883988861482516,
    0.9887334137278685,
    0.9892418597389384,
    0.9755737641135063,
    0.9753230735099453,
    0.962498908983742,
    0.9701102546285802,
    0.9569715479943727,
    0.975016464357803,
    0.9501874729483323,
    0.9661145805072746,
    0.9637570180916321,
    0.9666558493784211,
    0.9562735940850514,
    0.973179411209494,
    0.981591377947445,
    0.9485104925865787,
    0.9309465877198452,
    0.8960766086683258,
    0.920725044216794,
    0.917083252367872,
    0.9147542166245395,
    0.9112264654658203,
    0.9094388076598888,
    0.9024964548980893,
    0.8650191372966622,
    0.8856243891294995,
    0.8933486316186782,
    0.9036142386706131,
    0.9161223727685099,
    0.9140625008414237,
    0.9113487963767445,
    0.8891187496182725,
    0.8923205236012726,
    0.8605632084814716,
    0.8734679957002721,
    0.8577375901435171,
    0.843729126083121,
    0.8021389447308265,
    0.8093627473495659,
    0.693480611852924,
    0.6926314138199171,
    0.762266709982208,
    0.7791231783485718,
    0.7760750574169254,
    0.8000870319354177,
    0.8092778742444111,
    0.7929775267456791,
    0.8050778551399155,
    0.7784759714390203,
    0.7436117846685514,
    0.761253726223541,
    0.7744852262727072,
    0.7872551441825202,
    0.788811987932182,
    0.7609136564218226,
    0.752765145610489,
    0.7100793512098769,
    0.7103818175447867,
    0.6905018760366245,
    0.673393100233565,
    0.6706099529895687,
    0.6721950076728036,
    0.659485060598082,
    0.6551297833160493,
    0.6763643307692451,
    0.669138956982153,
    0.6649060340032871,
    0.6378177017702034,
    0.6569503905924211,
    0.6439346831963926,
    0.6325037736674569,
    0.6426847404643716,
    0.7298386562917694,
    0.7948784193961034,
    0.747843934616893,
    0.7746194036025077,
    0.8148300127329803,
    0.8251240640410908,
    0.8873452693853551,
    0.8445470368388919,
    0.8391932435102692,
    0.8661740578015672,
    0.9014206903890257,
    0.9078827138560881,
    0.8758480602607379
  ]
}